<?xml version="1.0" encoding="UTF-8" standalone="yes"?><addon id="plugin.video.sevnplayaddon" name="[B]Se[COLOR lawngreen]7[/COLOR]n[COLOR gold]P[/COLOR][COLOR deepskyblue]l[/COLOR][COLOR lawngreen]a[/COLOR][COLOR hotpink]y[/COLOR]Addon[/B]" version="1.4.2" provider-name="Group [B]Se[COLOR lawngreen]7[/COLOR]n [COLOR gold]P[/COLOR][COLOR deepskyblue]l[/COLOR][COLOR lawngreen]a[/COLOR][COLOR hotpink]y[/COLOR]"><requires>    <import addon="xbmc.python" version="2.1.0"/>    <import addon="script.module.t0mm0.common"/>    <import addon="script.module.beautifulsoup"/>    <import addon="script.module.beautifulsoup4"/>    <import addon="script.module.simple.downloader"/>    <import addon="script.module.requests"/>    <import addon="script.module.httplib2"/>    <import addon="script.module.urlresolver"/>    <import addon="script.module.simplejson"/>    <import addon="script.common.plugin.cache"/>    <import addon="script.module.metahandler"/>	<import addon="script.module.feedparser" />	<import addon="script.module.dateutil" />	<import addon="plugin.video.youtube" version="3.0.0"/>	<import addon="script.common.plugin.cache" version="2.5.2"/>    <import addon="script.module.metahandler" version="2.5.1"/></requires><extension point="xbmc.python.pluginsource" library="default.py"> <provides>video</provides></extension><extension point="xbmc.addon.repository" name="[B]Se[COLOR lawngreen]7[/COLOR]n [COLOR gold]P[/COLOR][COLOR deepskyblue]l[/COLOR][COLOR lawngreen]a[/COLOR][COLOR hotpink]y[/COLOR]Addon[/B]"><info compressed="true">https://raw.githubusercontent.com/playrepo/7playrepo/master/addons.xml</info>			<checksum>https://raw.githubusercontent.com/playrepo/7playrepo/master/addons.xml.md5</checksum>			<datadir zip="true">https://raw.githubusercontent.com/playrepo/7playrepo/master</datadir><extension point="xbmc.addon.metadata"><summary lang="en">[B]FEITO PARA FAMILIA![/B]</summary><description lang="en">[B]O AUTOR NAO E RESPONSAVEL POR QUALQUER CONTEUDOS ENCONTRADO NESSE ADDON[/B]</description><disclaimer lang="en">O AUTOR NAO E DE FORMA ALGUMA FILIADO O KODI OU TEAM KODI, ESSES CONTEUDOS OU RECURSOS SEM FIM LUCRATIVOS ORGANIZADO EXCLUSIVAMENTE PARA FINS EDUCA CIONAIS E PROTEGIDO PELA DOUTRINA DE USO DA LEI DE DIREITOS AUTORAIS ESPECIFICAMENTE A SECAO 107 QUE PROMOVE A LIBERDADE DE EXPRESSAO PERMITIDO O USO DE OBRAS PROTEGIDAS POR DIREITOS AUTORAIS.</disclaimer><news>[B][COLOR gold] ATUALIAÃ‡Ã•ES DE SEGURANÃ‡A. GRATOS POR USAR NOSSO ADD-ON[/COLOR][/B]</news><platform>all</platform>  </extension></addon>