<?xml version="1.0" encoding="UTF-8" standalone="yes"?>
<addons>
<addon id="plugin.video.sevnplayaddon" name="[B]Se[COLOR lawngreen]7[/COLOR]n [COLOR gold]P[/COLOR][COLOR deepskyblue]l[/COLOR][COLOR lawngreen]a[/COLOR][COLOR hotpink]y[/COLOR]Addon[/B]" version="1.4.2" provider-name="RepoSevnPlay">
<requires>
    <import addon="xbmc.python" version="2.1.0"/>
    <import addon="script.module.t0mm0.common"/>
    <import addon="script.module.beautifulsoup"/>
    <import addon="script.module.beautifulsoup4"/>
    <import addon="script.module.simple.downloader"/>
    <import addon="script.module.requests"/>
    <import addon="script.module.httplib2"/>
    <import addon="script.module.urlresolver"/>
    <import addon="script.module.simplejson"/>
    <import addon="script.common.plugin.cache"/>
    <import addon="script.module.metahandler"/>
	<import addon="script.module.feedparser" />
	<import addon="script.module.dateutil" />
	<import addon="plugin.video.youtube" version="3.0.0"/>
	<import addon="script.common.plugin.cache" version="2.5.2"/>
    <import addon="script.module.metahandler" version="2.5.1"/>
</requires>
<extension point="xbmc.python.pluginsource" library="default.py">
<provides>video</provides>
</extension>
<extension point="xbmc.addon.repository" name="[B]Se[COLOR lawngreen]7[/COLOR]n [COLOR gold]P[/COLOR][COLOR deepskyblue]l[/COLOR][COLOR lawngreen]a[/COLOR][COLOR hotpink]y[/COLOR]Addon[/B]">
<info compressed="true">https://raw.githubusercontent.com/playrepo/7playrepo/master/addons.xml</info>
			<checksum>https://raw.githubusercontent.com/playrepo/7playrepo/master/addons.xml.md5</checksum>
			<datadir zip="true">https://raw.githubusercontent.com/playrepo/7playrepo/master</datadir>
<extension point="xbmc.addon.metadata">
<summary lang="en">[B]FEITO PARA FAMILIA![/B]</summary>
<description lang="en">[B]O AUTOR NAO E RESPONSAVEL POR QUALQUER CONTEUDOS ENCONTRADO NESSE ADDON[/B]</description>
<disclaimer lang="en">O AUTOR NAO E DE FORMA ALGUMA FILIADO O KODI OU TEAM KODI, ESSES CONTEUDOS OU RECURSOS SEM FIM LUCRATIVOS ORGANIZADO EXCLUSIVAMENTE PARA FINS EDUCA CIONAIS E PROTEGIDO PELA DOUTRINA DE USO DA LEI DE DIREITOS AUTORAIS ESPECIFICAMENTE A SECAO 107 QUE PROMOVE A LIBERDADE DE EXPRESSAO PERMITIDO O USO DE OBRAS PROTEGIDAS POR DIREITOS AUTORAIS.</disclaimer>
<news>[B][COLOR gold] ATUALIAÇÕES DE SEGURANÇA. GRATOS POR USAR NOSSO ADD-ON[/COLOR][/B]</news>
<platform>all</platform>
  </extension>
</addon>

<addon 	id="repositorio.sevnplayaddon" name="[B][COLOR yellow]  Vikings  [COLOR orange]Repositorio Vikings Oficial, SEM BANIMENTO!![/B][/COLOR]"
		version="1.54"
		provider-name="[B][COLOR gold]Vikings TEAM[/B][/COLOR]">

	<requires>
            <import addon="xbmc.python" version="2.1.0"/>
		    <import addon="script.module.addon.common" optional="true" />
		    <import addon="script.module.t0mm0.common" optional="true" />
		    <import addon="script.module.urlresolver" optional="true" />
    </requires>

	<extension point="xbmc.addon.repository" name=".Vikings Repositorio">

		<info compressed="true">https://raw.githubusercontent.com/playrepo/7playrepo/master/addons.xml</info>
			<checksum>https://raw.githubusercontent.com/playrepo/7playrepo/master/addons.xml.md5</checksum>
			<datadir zip="true">https://raw.githubusercontent.com/playrepo/7playrepo/master</datadir>
	</extension>

	<extension point="xbmc.addon.metadata">
	<news>
	[COLOR orange]LOG DE CORREÇÔES[/COLOR]
	[COLOR red]*[/COLOR] V 1.53 - ajustes de dependencias...
	[COLOR orange]*[/COLOR] V 1.15.1 - Excluido a instalação do plugin Youtube que provocava erros em algumas box...
	[COLOR gold]*[/COLOR]   V 1.17.1 - Corrigido dependências que provocava erros quando instalado o repositório em Kodi Padrão.
	</news>

	<summary>Repositorio Vikings levando os melhores addons a sua familia e aos quatro cantos do Mundo!!!</summary>

	<description>
                    [B][COLOR orange]Repositório Vikings, SEM BANIMENTO! SEM SCRIPT MALICIOSO!! PURO, LIMPO E SIMPLES!!![/COLOR][/B]
					[B][COLOR red]Repositório oficial Vikings Build - Proibido reprodução total ou parcial sem prévia autorização[/COLOR][/B]
					[B][COLOR white]Addons deste repositório é de uso gratuito!![/COLOR][/B]
					[B][COLOR firebrick]Proibido a venda dos add-ons contidos neste repositório[/COLOR][/B]
	</description>

<disclaimer>[B][COLOR orange]Repositório Vikings é apenas um AGREGADOR de ADDONS e, assim como o Google.com, apenas agrega e organiza ADDONS DE TERCEIROS. Não somos responsáveis pelos arquivos aqui encontrados.[/COLOR][/B]</disclaimer>
		<platform>all</platform>
	</extension>
</addon>
</addons>
